CMC_PTDEF_25azmGT@mailinator.com,Pa55word11
CMC_PTDEF_10qvdmY@mailinator.com,Pa55word11
CMC_PTDEF_6kMYkj@mailinator.com,Pa55word11
CMC_PTDEF_27OQCWk@mailinator.com,Pa55word11
CMC_PTDEF_15QMSjv@mailinator.com,Pa55word11
CMC_PTDEF_6uiEwR@mailinator.com,Pa55word11
CMC_PTDEF_19QzkGN@mailinator.com,Pa55word11
CMC_PTDEF_17TCcMt@mailinator.com,Pa55word11
CMC_PTDEF_1jlRYe@mailinator.com,Pa55word11
CMC_PTDEF_19TbyPb@mailinator.com,Pa55word11
CMC_PTDEF_19PsbEg@mailinator.com,Pa55word11
CMC_PTDEF_13wxJKy@mailinator.com,Pa55word11
CMC_PTDEF_27IXJfx@mailinator.com,Pa55word11
CMC_PTDEF_4iJVGh@mailinator.com,Pa55word11
CMC_PTDEF_6XJwEX@mailinator.com,Pa55word11
CMC_PTDEF_27Zngge@mailinator.com,Pa55word11
CMC_PTDEF_27cNCnQ@mailinator.com,Pa55word11
CMC_PTDEF_24FIqcb@mailinator.com,Pa55word11
CMC_PTDEF_27bVIPx@mailinator.com,Pa55word11
CMC_PTDEF_20yPgEI@mailinator.com,Pa55word11
CMC_PTDEF_5TNBgK@mailinator.com,Pa55word11
CMC_PTDEF_15ilkfj@mailinator.com,Pa55word11
CMC_PTDEF_25KZGTM@mailinator.com,Pa55word11
CMC_PTDEF_12DuMvn@mailinator.com,Pa55word11
CMC_PTDEF_24cFHJu@mailinator.com,Pa55word11
CMC_PTDEF_25ITCOr@mailinator.com,Pa55word11
CMC_PTDEF_8HFKDF@mailinator.com,Pa55word11
CMC_PTDEF_24HRdti@mailinator.com,Pa55word11
CMC_PTDEF_18srXXR@mailinator.com,Pa55word11
CMC_PTDEF_26yGMZX@mailinator.com,Pa55word11
CMC_PTDEF_5WuzPP@mailinator.com,Pa55word11
CMC_PTDEF_26vXWky@mailinator.com,Pa55word11
CMC_PTDEF_22usqIv@mailinator.com,Pa55word11
CMC_PTDEF_9dYhmT@mailinator.com,Pa55word11
CMC_PTDEF_4qBeLO@mailinator.com,Pa55word11
CMC_PTDEF_17YJddr@mailinator.com,Pa55word11
CMC_PTDEF_9UfZJM@mailinator.com,Pa55word11
CMC_PTDEF_8jIUIZ@mailinator.com,Pa55word11
CMC_PTDEF_11oboLr@mailinator.com,Pa55word11
CMC_PTDEF_21XrtdT@mailinator.com,Pa55word11
CMC_PTDEF_23oEnwA@mailinator.com,Pa55word11
CMC_PTDEF_16eHvXK@mailinator.com,Pa55word11
CMC_PTDEF_17SDnUm@mailinator.com,Pa55word11
CMC_PTDEF_2KkGpV@mailinator.com,Pa55word11
CMC_PTDEF_7WAjoQ@mailinator.com,Pa55word11
CMC_PTDEF_12LLgtH@mailinator.com,Pa55word11
CMC_PTDEF_7sezcY@mailinator.com,Pa55word11
CMC_PTDEF_17amBbl@mailinator.com,Pa55word11
CMC_PTDEF_25MpIuA@mailinator.com,Pa55word11
CMC_PTDEF_8dWHRh@mailinator.com,Pa55word11
CMC_PTDEF_22FbmSX@mailinator.com,Pa55word11
CMC_PTDEF_19SorHn@mailinator.com,Pa55word11
CMC_PTDEF_24eKqog@mailinator.com,Pa55word11
CMC_PTDEF_10pXgVW@mailinator.com,Pa55word11
CMC_PTDEF_19UAlro@mailinator.com,Pa55word11
CMC_PTDEF_2iZDWe@mailinator.com,Pa55word11
CMC_PTDEF_27GXHUM@mailinator.com,Pa55word11
CMC_PTDEF_16fEBiE@mailinator.com,Pa55word11
CMC_PTDEF_13OMiBi@mailinator.com,Pa55word11
CMC_PTDEF_24LAzve@mailinator.com,Pa55word11
CMC_PTDEF_10iyGZQ@mailinator.com,Pa55word11
CMC_PTDEF_3PloTj@mailinator.com,Pa55word11
CMC_PTDEF_4jbOyk@mailinator.com,Pa55word11
CMC_PTDEF_5oVMTo@mailinator.com,Pa55word11
CMC_PTDEF_15vtexi@mailinator.com,Pa55word11
CMC_PTDEF_21riaoD@mailinator.com,Pa55word11
CMC_PTDEF_1WkMKu@mailinator.com,Pa55word11
CMC_PTDEF_19QViVW@mailinator.com,Pa55word11
CMC_PTDEF_18FwTjo@mailinator.com,Pa55word11
CMC_PTDEF_20ZNJqK@mailinator.com,Pa55word11
CMC_PTDEF_14KYBDS@mailinator.com,Pa55word11
CMC_PTDEF_13CbliR@mailinator.com,Pa55word11
CMC_PTDEF_26urpMR@mailinator.com,Pa55word11
CMC_PTDEF_27gdJoL@mailinator.com,Pa55word11
CMC_PTDEF_27AAUfQ@mailinator.com,Pa55word11
CMC_PTDEF_12LpEBt@mailinator.com,Pa55word11
CMC_PTDEF_3jzmeo@mailinator.com,Pa55word11
CMC_PTDEF_1zIhgp@mailinator.com,Pa55word11
CMC_PTDEF_27dAzTS@mailinator.com,Pa55word11
CMC_PTDEF_6BsxcH@mailinator.com,Pa55word11
CMC_PTDEF_8eqynR@mailinator.com,Pa55word11
CMC_PTDEF_22LCaGu@mailinator.com,Pa55word11
CMC_PTDEF_2osTCx@mailinator.com,Pa55word11
CMC_PTDEF_23dMCiT@mailinator.com,Pa55word11
CMC_PTDEF_22GFZVM@mailinator.com,Pa55word11
CMC_PTDEF_23KeKCT@mailinator.com,Pa55word11
CMC_PTDEF_14MfESk@mailinator.com,Pa55word11
CMC_PTDEF_9niupm@mailinator.com,Pa55word11
CMC_PTDEF_19JIgFX@mailinator.com,Pa55word11
CMC_PTDEF_25wForV@mailinator.com,Pa55word11
CMC_PTDEF_23bWbiG@mailinator.com,Pa55word11
CMC_PTDEF_7rqtuj@mailinator.com,Pa55word11
