132,CMC_PTDEF_17SDnUm@mailinator.com
63,CMC_PTDEF_7WAjoQ@mailinator.com
135,CMC_PTDEF_2KkGpV@mailinator.com
33,CMC_PTDEF_12LLgtH@mailinator.com
41,CMC_PTDEF_7sezcY@mailinator.com
36,CMC_PTDEF_17amBbl@mailinator.com
62,CMC_PTDEF_25MpIuA@mailinator.com
99,CMC_PTDEF_8dWHRh@mailinator.com
151,CMC_PTDEF_22FbmSX@mailinator.com
30,CMC_PTDEF_19SorHn@mailinator.com
144,CMC_PTDEF_24eKqog@mailinator.com
102,CMC_PTDEF_10pXgVW@mailinator.com
101,CMC_PTDEF_19UAlro@mailinator.com
92,CMC_PTDEF_2iZDWe@mailinator.com
90,CMC_PTDEF_27GXHUM@mailinator.com
123,CMC_PTDEF_16fEBiE@mailinator.com
41,CMC_PTDEF_13OMiBi@mailinator.com
14,CMC_PTDEF_24LAzve@mailinator.com
64,CMC_PTDEF_10iyGZQ@mailinator.com
149,CMC_PTDEF_3PloTj@mailinator.com
60,CMC_PTDEF_4jbOyk@mailinator.com
88,CMC_PTDEF_5oVMTo@mailinator.com
58,CMC_PTDEF_15vtexi@mailinator.com
145,CMC_PTDEF_21riaoD@mailinator.com
146,CMC_PTDEF_1WkMKu@mailinator.com
115,CMC_PTDEF_19QViVW@mailinator.com
82,CMC_PTDEF_18FwTjo@mailinator.com
58,CMC_PTDEF_20ZNJqK@mailinator.com
147,CMC_PTDEF_14KYBDS@mailinator.com
30,CMC_PTDEF_13CbliR@mailinator.com
90,CMC_PTDEF_26urpMR@mailinator.com
151,CMC_PTDEF_27gdJoL@mailinator.com
85,CMC_PTDEF_27AAUfQ@mailinator.com
30,CMC_PTDEF_12LpEBt@mailinator.com
86,CMC_PTDEF_3jzmeo@mailinator.com
46,CMC_PTDEF_1zIhgp@mailinator.com
44,CMC_PTDEF_27dAzTS@mailinator.com
94,CMC_PTDEF_6BsxcH@mailinator.com
63,CMC_PTDEF_8eqynR@mailinator.com
47,CMC_PTDEF_22LCaGu@mailinator.com
44,CMC_PTDEF_2osTCx@mailinator.com
31,CMC_PTDEF_23dMCiT@mailinator.com
47,CMC_PTDEF_22GFZVM@mailinator.com
54,CMC_PTDEF_23KeKCT@mailinator.com
51,CMC_PTDEF_14MfESk@mailinator.com
83,CMC_PTDEF_9niupm@mailinator.com
86,CMC_PTDEF_19JIgFX@mailinator.com
29,CMC_PTDEF_25wForV@mailinator.com
79,CMC_PTDEF_23bWbiG@mailinator.com
28,CMC_PTDEF_7rqtuj@mailinator.com
