claimno,pin,defuser
032MC598,Y38MVKSD,CMC_PTDef_16XZuGe@mailinator.com
032MC602,5E96APBT,CMC_PTDef_1LeiMS@mailinator.com
032MC603,YP73BW5T,CMC_PTDef_5ggVMV@mailinator.com
032MC604,GM9DNDGR,CMC_PTDef_9IIfKp@mailinator.com
032MC605,S9KDJF8E,CMC_PTDef_6RZVIJ@mailinator.com
032MC606,63BC37B8,CMC_PTDef_1Jetrc@mailinator.com
032MC607,8CJQG5AN,CMC_PTDef_26GjOmR@mailinator.com
032MC608,VK7BVX47,CMC_PTDef_21ihJsq@mailinator.com
032MC609,E8DYVY65,CMC_PTDef_6mVlEm@mailinator.com
032MC610,EEBQHYAK,CMC_PTDef_25uHFsN@mailinator.com
032MC611,WQC7SAJW,CMC_PTDef_23fIdTr@mailinator.com
032MC612,6N6FQVWJ,CMC_PTDef_18WVVpd@mailinator.com
032MC613,HF7HHVDS,CMC_PTDef_3EeMVl@mailinator.com
032MC614,6KVAQ94X,CMC_PTDef_10ytWWO@mailinator.com
032MC615,8DEQJFGT,CMC_PTDef_9mTMpu@mailinator.com
032MC618,G6D5BKUP,CMC_PTDef_22jzpnf@mailinator.com
032MC619,F37HD87B,CMC_PTDef_11ygrke@mailinator.com
032MC620,FYY9SYG5,CMC_PTDef_8VHCVq@mailinator.com
032MC621,SRE4JW4P,CMC_PTDef_1LeiMS@mailinator.com
032MC622,W4YED7K5,CMC_PTDef_5ggVMV@mailinator.com
032MC623,RTC5DC6W,CMC_PTDef_9IIfKp@mailinator.com
032MC624,B7CVJ8N5,CMC_PTDef_1Jetrc@mailinator.com
032MC625,F5QXKRUG,CMC_PTDef_6RZVIJ@mailinator.com
032MC626,U8RSQM9R,CMC_PTDef_26GjOmR@mailinator.com
032MC627,TMG8F4PN,CMC_PTDef_21ihJsq@mailinator.com
032MC628,3BQG7P9U,CMC_PTDef_6mVlEm@mailinator.com
032MC629,79JMKJ3X,CMC_PTDef_25uHFsN@mailinator.com
032MC630,BY5BGNHC,CMC_PTDef_23fIdTr@mailinator.com
032MC631,CV3HMKA4,CMC_PTDef_18WVVpd@mailinator.com
032MC632,RUWV4P78,CMC_PTDef_3EeMVl@mailinator.com
032MC633,S8AFEFXQ,CMC_PTDef_10ytWWO@mailinator.com
032MC634,EGUCHTP7,CMC_PTDef_9mTMpu@mailinator.com
032MC636,GE5C99EN,CMC_PTDef_16XZuGe@mailinator.com
032MC637,4M3RKV9K,CMC_PTDef_22jzpnf@mailinator.com
032MC638,BS3Q7BVD,CMC_PTDef_11ygrke@mailinator.com
032MC639,BKH4D3RJ,CMC_PTDef_8VHCVq@mailinator.com
032MC640,HESXG9SG,CMC_PTDef_1LeiMS@mailinator.com
032MC641,R6PUKPPX,CMC_PTDef_5ggVMV@mailinator.com
032MC642,HWRBVFE7,CMC_PTDef_9IIfKp@mailinator.com
032MC643,PYUXUAB4,CMC_PTDef_1Jetrc@mailinator.com
032MC644,3NQKRKUV,CMC_PTDef_6RZVIJ@mailinator.com
032MC645,6A49MQPX,CMC_PTDef_26GjOmR@mailinator.com
032MC646,FE3W4YAD,CMC_PTDef_21ihJsq@mailinator.com
032MC647,KHVEACRC,CMC_PTDef_6mVlEm@mailinator.com
032MC648,XW97VSW8,CMC_PTDef_25uHFsN@mailinator.com
032MC649,GBMHR8WM,CMC_PTDef_23fIdTr@mailinator.com
032MC650,WCP4RSET,CMC_PTDef_18WVVpd@mailinator.com
032MC651,J3BNQWWR,CMC_PTDef_3EeMVl@mailinator.com
032MC652,8GM566VG,CMC_PTDef_10ytWWO@mailinator.com
032MC653,49J8DV9W,CMC_PTDef_9mTMpu@mailinator.com
032MC655,7UWPNAHA,CMC_PTDef_16XZuGe@mailinator.com
032MC656,MVJ9JYSM,CMC_PTDef_22jzpnf@mailinator.com
032MC657,CQP7XEMY,CMC_PTDef_11ygrke@mailinator.com
032MC658,JY7RBV38,CMC_PTDef_8VHCVq@mailinator.com
032MC659,JA4RWB7T,CMC_PTDef_1LeiMS@mailinator.com
032MC660,SEWYMNKS,CMC_PTDef_5ggVMV@mailinator.com
032MC661,VYGTWC9U,CMC_PTDef_9IIfKp@mailinator.com
032MC662,J9AT846P,CMC_PTDef_1Jetrc@mailinator.com
032MC663,3EAT7Y3W,CMC_PTDef_6RZVIJ@mailinator.com
032MC664,35MMCPJR,CMC_PTDef_26GjOmR@mailinator.com
032MC665,6K9YM8S4,CMC_PTDef_21ihJsq@mailinator.com
032MC666,RGAFTM5N,CMC_PTDef_6mVlEm@mailinator.com
032MC667,FEVM877J,CMC_PTDef_25uHFsN@mailinator.com
032MC668,9H7WXHH7,CMC_PTDef_23fIdTr@mailinator.com
032MC669,6WBF8FUR,CMC_PTDef_18WVVpd@mailinator.com
032MC670,6TKXRGFT,CMC_PTDef_3EeMVl@mailinator.com
032MC671,RENEUG8P,CMC_PTDef_10ytWWO@mailinator.com
032MC672,7KYNAMF7,CMC_PTDef_9mTMpu@mailinator.com
032MC674,EXQGQH47,CMC_PTDef_16XZuGe@mailinator.com
032MC675,RD5WMFST,CMC_PTDef_22jzpnf@mailinator.com
032MC676,EHGHH4SM,CMC_PTDef_11ygrke@mailinator.com
032MC677,JEF9NFN4,CMC_PTDef_8VHCVq@mailinator.com
032MC678,NY8M8HB4,CMC_PTDef_1LeiMS@mailinator.com
032MC679,PPS8HE6S,CMC_PTDef_5ggVMV@mailinator.com
032MC680,SYNJUNRR,CMC_PTDef_9IIfKp@mailinator.com
032MC681,W6VHS5MY,CMC_PTDef_1Jetrc@mailinator.com
032MC682,VQVVRFBF,CMC_PTDef_6RZVIJ@mailinator.com
032MC683,VFBSWGDT,CMC_PTDef_26GjOmR@mailinator.com
032MC684,BWY6ATQX,CMC_PTDef_21ihJsq@mailinator.com
032MC685,AH643DQ9,CMC_PTDef_6mVlEm@mailinator.com
032MC686,M36QK5JB,CMC_PTDef_25uHFsN@mailinator.com
032MC687,MTRWG4NK,CMC_PTDef_23fIdTr@mailinator.com
032MC688,TJASBEVK,CMC_PTDef_18WVVpd@mailinator.com
032MC689,WPF4VE76,CMC_PTDef_3EeMVl@mailinator.com
032MC690,8HT9BXRX,CMC_PTDef_10ytWWO@mailinator.com
032MC691,TPCBFR8N,CMC_PTDef_9mTMpu@mailinator.com
032MC693,G3WMRT37,CMC_PTDef_16XZuGe@mailinator.com
032MC694,MTH3JPAC,CMC_PTDef_22jzpnf@mailinator.com
032MC695,VP48QX4W,CMC_PTDef_11ygrke@mailinator.com
032MC696,DWAKWA53,CMC_PTDef_8VHCVq@mailinator.com
032MC697,NVWK4CV9,CMC_PTDef_1LeiMS@mailinator.com
032MC698,CWD6VTB3,CMC_PTDef_5ggVMV@mailinator.com
032MC699,6P9FDGVY,CMC_PTDef_9IIfKp@mailinator.com
032MC700,DS4ADGPC,CMC_PTDef_1Jetrc@mailinator.com
032MC701,XUT9HAMB,CMC_PTDef_6RZVIJ@mailinator.com
032MC702,RCPYPK95,CMC_PTDef_21ihJsq@mailinator.com
032MC703,KSSHFDSK,CMC_PTDef_6mVlEm@mailinator.com
032MC704,YRESMDRA,CMC_PTDef_25uHFsN@mailinator.com
032MC705,VNVETMJN,CMC_PTDef_23fIdTr@mailinator.com
032MC706,N7RC5F9U,CMC_PTDef_18WVVpd@mailinator.com
032MC707,TCMNQFSH,CMC_PTDef_3EeMVl@mailinator.com
032MC708,RDAQUVRA,CMC_PTDef_10ytWWO@mailinator.com
032MC709,YGYV58A6,CMC_PTDef_9mTMpu@mailinator.com
032MC711,HKP4HXUJ,CMC_PTDef_16XZuGe@mailinator.com
032MC712,RRRM8SSM,CMC_PTDef_22jzpnf@mailinator.com
032MC713,HSMNM4WX,CMC_PTDef_11ygrke@mailinator.com
032MC714,GNMYB5VK,CMC_PTDef_8VHCVq@mailinator.com
032MC715,KRCK8XDY,CMC_PTDef_1LeiMS@mailinator.com
032MC716,GGS4RC9X,CMC_PTDef_5ggVMV@mailinator.com
032MC717,6QWT3R59,CMC_PTDef_9IIfKp@mailinator.com
032MC718,BV4EUSHM,CMC_PTDef_1Jetrc@mailinator.com
032MC719,BWFHQ3US,CMC_PTDef_6RZVIJ@mailinator.com
032MC720,V4MS4SSQ,CMC_PTDef_26GjOmR@mailinator.com
032MC721,NU6RUDTE,CMC_PTDef_21ihJsq@mailinator.com
032MC722,KGKP57BB,CMC_PTDef_6mVlEm@mailinator.com
032MC723,MTB35FUC,CMC_PTDef_25uHFsN@mailinator.com
032MC724,7EE6EBG9,CMC_PTDef_23fIdTr@mailinator.com
032MC725,QMJJ3G3V,CMC_PTDef_18WVVpd@mailinator.com
032MC726,DJSAS9BW,CMC_PTDef_3EeMVl@mailinator.com
032MC727,GTBWXW3Q,CMC_PTDef_10ytWWO@mailinator.com
032MC728,WFQUJ5PJ,CMC_PTDef_9mTMpu@mailinator.com
032MC730,YXA5UUFP,CMC_PTDef_16XZuGe@mailinator.com
032MC731,HEQSUFTR,CMC_PTDef_22jzpnf@mailinator.com
032MC732,RGKCPARN,CMC_PTDef_11ygrke@mailinator.com
032MC733,DGWXDPJ6,CMC_PTDef_8VHCVq@mailinator.com
032MC734,KDT5NP5F,CMC_PTDef_1LeiMS@mailinator.com
032MC735,4DKX8PEP,CMC_PTDef_5ggVMV@mailinator.com
032MC736,M7QCMF8R,CMC_PTDef_9IIfKp@mailinator.com
032MC737,FW5Q6X76,CMC_PTDef_1Jetrc@mailinator.com
032MC738,MCP6P5S3,CMC_PTDef_6RZVIJ@mailinator.com
032MC739,HJX8KSXX,CMC_PTDef_26GjOmR@mailinator.com
032MC740,9M3DEXST,CMC_PTDef_21ihJsq@mailinator.com
032MC741,CVC73QQX,CMC_PTDef_6mVlEm@mailinator.com
032MC742,93J4TX4D,CMC_PTDef_25uHFsN@mailinator.com
032MC743,NE7B8GK7,CMC_PTDef_23fIdTr@mailinator.com
032MC744,PY54U3J4,CMC_PTDef_18WVVpd@mailinator.com
032MC745,UCVWME7W,CMC_PTDef_3EeMVl@mailinator.com
032MC746,7VTXQVMJ,CMC_PTDef_10ytWWO@mailinator.com
032MC747,95PMMYUH,CMC_PTDef_9mTMpu@mailinator.com
032MC749,YXPYHWCH,CMC_PTDef_16XZuGe@mailinator.com
032MC750,PE5MSPYM,CMC_PTDef_22jzpnf@mailinator.com
032MC751,MWYFTM8H,CMC_PTDef_11ygrke@mailinator.com
032MC752,73SF9HUT,CMC_PTDef_8VHCVq@mailinator.com
032MC753,Q93FJ6AM,CMC_PTDef_5ggVMV@mailinator.com
032MC754,A7U3XE65,CMC_PTDef_1LeiMS@mailinator.com
032MC755,VRFPNF87,CMC_PTDef_9IIfKp@mailinator.com
032MC756,KV67SWQN,CMC_PTDef_1Jetrc@mailinator.com
032MC757,6DGRNW55,CMC_PTDef_6RZVIJ@mailinator.com
032MC758,W5AEUDSX,CMC_PTDef_26GjOmR@mailinator.com
032MC759,FAB9CJG5,CMC_PTDef_21ihJsq@mailinator.com
032MC760,9ATHFCHF,CMC_PTDef_6mVlEm@mailinator.com
032MC761,V6HN4H4V,CMC_PTDef_25uHFsN@mailinator.com
032MC762,S86WGJ7T,CMC_PTDef_23fIdTr@mailinator.com
032MC763,GYBDUV79,CMC_PTDef_18WVVpd@mailinator.com
032MC764,6DEKUAAM,CMC_PTDef_3EeMVl@mailinator.com
032MC765,YMTXAJ68,CMC_PTDef_10ytWWO@mailinator.com
032MC766,XAJRXUYF,CMC_PTDef_9mTMpu@mailinator.com
032MC768,NT6T8HW6,CMC_PTDef_16XZuGe@mailinator.com
032MC769,BYXJTMVD,CMC_PTDef_22jzpnf@mailinator.com
032MC770,SDK9GSBG,CMC_PTDef_11ygrke@mailinator.com
032MC771,R3RUTKTE,CMC_PTDef_8VHCVq@mailinator.com
032MC772,USFPH6EV,CMC_PTDef_1LeiMS@mailinator.com
032MC773,TBPF756Y,CMC_PTDef_9IIfKp@mailinator.com
032MC774,MN8PU4FK,CMC_PTDef_5ggVMV@mailinator.com
032MC775,5D9PQCR3,CMC_PTDef_1Jetrc@mailinator.com
032MC776,BPJFWNT4,CMC_PTDef_6RZVIJ@mailinator.com
032MC777,K4P5R6BG,CMC_PTDef_26GjOmR@mailinator.com
032MC778,QDNCH9Q8,CMC_PTDef_21ihJsq@mailinator.com
032MC779,NQRWGBFC,CMC_PTDef_6mVlEm@mailinator.com
032MC780,DP37A6TV,CMC_PTDef_25uHFsN@mailinator.com
032MC781,WSCT7AFB,CMC_PTDef_23fIdTr@mailinator.com
032MC782,3CCGNMM7,CMC_PTDef_18WVVpd@mailinator.com
032MC783,NYA7R5H7,CMC_PTDef_3EeMVl@mailinator.com
032MC784,WPSH9X5J,CMC_PTDef_10ytWWO@mailinator.com
032MC785,NKPKUD8J,CMC_PTDef_9mTMpu@mailinator.com
032MC787,5ASVX4SQ,CMC_PTDef_16XZuGe@mailinator.com
032MC788,YDXT6HAX,CMC_PTDef_22jzpnf@mailinator.com
032MC789,GFCCBQ47,CMC_PTDef_11ygrke@mailinator.com
032MC790,EPWMQV4P,CMC_PTDef_8VHCVq@mailinator.com
032MC791,E8MG9DX6,CMC_PTDef_1LeiMS@mailinator.com
032MC792,T8A7U7SX,CMC_PTDef_5ggVMV@mailinator.com
032MC793,KQVYQCC6,CMC_PTDef_9IIfKp@mailinator.com
032MC794,PPUVP9TU,CMC_PTDef_1Jetrc@mailinator.com
032MC795,TGN3PNNU,CMC_PTDef_6RZVIJ@mailinator.com
032MC796,DNABCVAV,CMC_PTDef_26GjOmR@mailinator.com
032MC797,KRQ7B534,CMC_PTDef_21ihJsq@mailinator.com
032MC798,Y6JNDXDJ,CMC_PTDef_6mVlEm@mailinator.com
032MC799,A8TK9UA9,CMC_PTDef_25uHFsN@mailinator.com
032MC800,E89TYAK3,CMC_PTDef_23fIdTr@mailinator.com
032MC801,GNB4WSQS,CMC_PTDef_18WVVpd@mailinator.com
032MC802,G3V6XA4H,CMC_PTDef_3EeMVl@mailinator.com
032MC803,5NWKG6RG,CMC_PTDef_10ytWWO@mailinator.com
032MC804,5EGYWQYH,CMC_PTDef_9mTMpu@mailinator.com
032MC806,YANFT8D4,CMC_PTDef_16XZuGe@mailinator.com
032MC807,X6Y85XNC,CMC_PTDef_22jzpnf@mailinator.com
032MC808,JFBEY63T,CMC_PTDef_11ygrke@mailinator.com
032MC809,QTV3MFTX,CMC_PTDef_8VHCVq@mailinator.com
032MC810,MUM9G3BS,CMC_PTDef_1LeiMS@mailinator.com
032MC811,DHX4YFCK,CMC_PTDef_5ggVMV@mailinator.com
032MC812,3U7BJDEW,CMC_PTDef_9IIfKp@mailinator.com
032MC813,4J7VF3GS,CMC_PTDef_1Jetrc@mailinator.com
032MC814,VEPCPTEB,CMC_PTDef_6RZVIJ@mailinator.com
032MC815,J3877JJ6,CMC_PTDef_26GjOmR@mailinator.com
032MC816,APAANBP5,CMC_PTDef_21ihJsq@mailinator.com
032MC817,4UST7WDG,CMC_PTDef_6mVlEm@mailinator.com
032MC818,BSVF3BKX,CMC_PTDef_25uHFsN@mailinator.com
032MC819,QKMJJQ34,CMC_PTDef_23fIdTr@mailinator.com
032MC820,US6HYTND,CMC_PTDef_18WVVpd@mailinator.com
032MC821,6W769BYA,CMC_PTDef_3EeMVl@mailinator.com
032MC822,UW5SJX5G,CMC_PTDef_10ytWWO@mailinator.com
032MC823,CN7WDVDU,CMC_PTDef_9mTMpu@mailinator.com
032MC825,FP6XXK3A,CMC_PTDef_16XZuGe@mailinator.com
032MC826,QGHRVAXN,CMC_PTDef_22jzpnf@mailinator.com
032MC827,4HS455EH,CMC_PTDef_11ygrke@mailinator.com
032MC828,E5N4TX4W,CMC_PTDef_1LeiMS@mailinator.com
032MC829,GSWQYSPF,CMC_PTDef_8VHCVq@mailinator.com
032MC830,PWF66ATD,CMC_PTDef_5ggVMV@mailinator.com
032MC831,CUPN95CT,CMC_PTDef_9IIfKp@mailinator.com
032MC832,NXFP48EX,CMC_PTDef_1Jetrc@mailinator.com
032MC833,J8GVKXQ7,CMC_PTDef_6RZVIJ@mailinator.com
032MC834,RGPMUJGJ,CMC_PTDef_26GjOmR@mailinator.com
032MC835,UJSA4WVF,CMC_PTDef_21ihJsq@mailinator.com
032MC836,B6W99HCT,CMC_PTDef_6mVlEm@mailinator.com
032MC837,H3SWXVWF,CMC_PTDef_25uHFsN@mailinator.com
032MC838,MVTN5E9S,CMC_PTDef_23fIdTr@mailinator.com
032MC839,G3P8HFDE,CMC_PTDef_18WVVpd@mailinator.com
032MC840,5JG3QNVH,CMC_PTDef_3EeMVl@mailinator.com
032MC841,3K8JYBJ9,CMC_PTDef_10ytWWO@mailinator.com
032MC842,8D4R78HQ,CMC_PTDef_9mTMpu@mailinator.com
032MC844,NBJCHPSU,CMC_PTDef_16XZuGe@mailinator.com
032MC845,P5R7UJBX,CMC_PTDef_22jzpnf@mailinator.com
032MC846,RG6GVB4J,CMC_PTDef_11ygrke@mailinator.com
032MC847,9V86URXN,CMC_PTDef_8VHCVq@mailinator.com
032MC848,U9VXFHUV,CMC_PTDef_1LeiMS@mailinator.com
032MC849,NA7A9VAW,CMC_PTDef_5ggVMV@mailinator.com
032MC850,RWRC8Y9N,CMC_PTDef_9IIfKp@mailinator.com
032MC851,HCP6SDPF,CMC_PTDef_1Jetrc@mailinator.com
032MC852,DGB4RYSP,CMC_PTDef_6RZVIJ@mailinator.com
032MC853,F8Y3VMTB,CMC_PTDef_21ihJsq@mailinator.com
032MC854,CXJW5P6J,CMC_PTDef_26GjOmR@mailinator.com
032MC855,DNFYEF6C,CMC_PTDef_6mVlEm@mailinator.com
032MC856,VRTEWWVW,CMC_PTDef_25uHFsN@mailinator.com
032MC857,HQAKE83A,CMC_PTDef_23fIdTr@mailinator.com
032MC858,5WE47XG8,CMC_PTDef_18WVVpd@mailinator.com
032MC859,B4X7H5G6,CMC_PTDef_3EeMVl@mailinator.com
032MC860,BYF8FWTS,CMC_PTDef_10ytWWO@mailinator.com
032MC861,4Y73RTPV,CMC_PTDef_9mTMpu@mailinator.com
032MC863,WY4K8JY5,CMC_PTDef_16XZuGe@mailinator.com
032MC864,UHCCTB8F,CMC_PTDef_22jzpnf@mailinator.com
032MC865,6KREEUJV,CMC_PTDef_11ygrke@mailinator.com
032MC866,PN37759T,CMC_PTDef_8VHCVq@mailinator.com
032MC867,9KCVEQUY,CMC_PTDef_1LeiMS@mailinator.com
032MC868,M5QETTXV,CMC_PTDef_5ggVMV@mailinator.com
032MC869,MEWUBFHT,CMC_PTDef_9IIfKp@mailinator.com
032MC870,C8SMJGWC,CMC_PTDef_1Jetrc@mailinator.com
032MC871,NRPA5RGN,CMC_PTDef_6RZVIJ@mailinator.com
032MC872,XFN5BUUH,CMC_PTDef_26GjOmR@mailinator.com
032MC873,NY9KW4QE,CMC_PTDef_21ihJsq@mailinator.com
032MC874,GY43R6VE,CMC_PTDef_6mVlEm@mailinator.com
032MC875,SYBRPPCC,CMC_PTDef_25uHFsN@mailinator.com
032MC876,UT6NGCK4,CMC_PTDef_23fIdTr@mailinator.com
032MC877,RDJ7QG7P,CMC_PTDef_18WVVpd@mailinator.com
032MC878,TMNWANPY,CMC_PTDef_3EeMVl@mailinator.com
032MC879,KJSV6KYV,CMC_PTDef_10ytWWO@mailinator.com
032MC880,94DHYU9U,CMC_PTDef_9mTMpu@mailinator.com
032MC882,CDK7XJW4,CMC_PTDef_16XZuGe@mailinator.com
032MC883,7P7N8RDJ,CMC_PTDef_22jzpnf@mailinator.com
032MC884,SFQQCW6D,CMC_PTDef_11ygrke@mailinator.com
032MC885,4XCFYSBX,CMC_PTDef_8VHCVq@mailinator.com
032MC886,AP93FQKJ,CMC_PTDef_1LeiMS@mailinator.com
032MC887,STJW4FHD,CMC_PTDef_5ggVMV@mailinator.com
032MC888,HHJN3AUN,CMC_PTDef_9IIfKp@mailinator.com
032MC889,6EFFJD9V,CMC_PTDef_1Jetrc@mailinator.com
032MC890,4NERVAUN,CMC_PTDef_6RZVIJ@mailinator.com
032MC891,WMR3BFF4,CMC_PTDef_26GjOmR@mailinator.com
032MC892,BUVRWPSU,CMC_PTDef_21ihJsq@mailinator.com
032MC893,3AEE8MV4,CMC_PTDef_6mVlEm@mailinator.com
032MC894,CHDCDDAU,CMC_PTDef_25uHFsN@mailinator.com
032MC895,DKNECF74,CMC_PTDef_23fIdTr@mailinator.com
032MC896,89QQ5WE6,CMC_PTDef_18WVVpd@mailinator.com
032MC897,YGMP98NH,CMC_PTDef_3EeMVl@mailinator.com
032MC898,SY9AEXG8,CMC_PTDef_10ytWWO@mailinator.com
032MC899,3KFQYJYS,CMC_PTDef_9mTMpu@mailinator.com
032MC901,MCS884RS,CMC_PTDef_16XZuGe@mailinator.com
032MC902,6XGCXFFE,CMC_PTDef_11ygrke@mailinator.com
032MC903,SP8RWGVT,CMC_PTDef_22jzpnf@mailinator.com
032MC904,KUT8Q7MA,CMC_PTDef_8VHCVq@mailinator.com
032MC905,7GUEJ3RN,CMC_PTDef_1LeiMS@mailinator.com
032MC906,AMXJR6P4,CMC_PTDef_5ggVMV@mailinator.com
032MC907,8XRSN6PW,CMC_PTDef_9IIfKp@mailinator.com
032MC908,M57VNU74,CMC_PTDef_1Jetrc@mailinator.com
032MC909,3QFJJEB9,CMC_PTDef_6RZVIJ@mailinator.com
032MC910,8BJK3D5V,CMC_PTDef_26GjOmR@mailinator.com
032MC911,DAJ58UWN,CMC_PTDef_21ihJsq@mailinator.com
032MC912,T48U3SH8,CMC_PTDef_6mVlEm@mailinator.com
032MC913,DFKE8T6S,CMC_PTDef_25uHFsN@mailinator.com
032MC914,UKJGJ88U,CMC_PTDef_23fIdTr@mailinator.com
032MC915,DWGWTP4W,CMC_PTDef_18WVVpd@mailinator.com
032MC916,UTJ9V5CQ,CMC_PTDef_3EeMVl@mailinator.com
032MC917,SBWU6WGH,CMC_PTDef_10ytWWO@mailinator.com
032MC918,EG6AYCWA,CMC_PTDef_9mTMpu@mailinator.com
032MC920,CHWPSRP5,CMC_PTDef_16XZuGe@mailinator.com
032MC921,WXAQFW9C,CMC_PTDef_22jzpnf@mailinator.com
032MC922,ARGAV978,CMC_PTDef_11ygrke@mailinator.com
032MC923,XG8KG5BQ,CMC_PTDef_8VHCVq@mailinator.com
032MC924,8HU5TXY6,CMC_PTDef_1LeiMS@mailinator.com
032MC925,J9D4M7DE,CMC_PTDef_5ggVMV@mailinator.com
032MC926,AN45E9S7,CMC_PTDef_9IIfKp@mailinator.com
032MC927,5SWMRW6M,CMC_PTDef_1Jetrc@mailinator.com
032MC928,XCAW4599,CMC_PTDef_6RZVIJ@mailinator.com
032MC929,R37WC57Q,CMC_PTDef_26GjOmR@mailinator.com
032MC930,BFBYXBVD,CMC_PTDef_21ihJsq@mailinator.com
032MC931,QFTC43M3,CMC_PTDef_6mVlEm@mailinator.com
032MC932,6U5UQBM4,CMC_PTDef_25uHFsN@mailinator.com
032MC933,RF5VUJ5C,CMC_PTDef_23fIdTr@mailinator.com
032MC934,QKSMWE95,CMC_PTDef_18WVVpd@mailinator.com
032MC935,839MVV87,CMC_PTDef_3EeMVl@mailinator.com
032MC936,K6H8KF99,CMC_PTDef_10ytWWO@mailinator.com