email,password
CMC_PTHC_19tcxVR@mailinator.com,Pa55word11
CMC_PTHC_19IasTz@mailinator.com,Pa55word11
CMC_PTHC_1IpkqM@mailinator.com,Pa55word11
CMC_PTHC_12PiLIl@mailinator.com,Pa55word11
CMC_PTHC_8ZCdAH@mailinator.com,Pa55word11
CMC_PTHC_27zIExT@mailinator.com,Pa55word11
CMC_PTHC_15YSnbC@mailinator.com,Pa55word11
CMC_PTHC_11alYML@mailinator.com,Pa55word11
CMC_PTHC_26ATFLe@mailinator.com,Pa55word11
CMC_PTHC_25dLKvo@mailinator.com,Pa55word11
CMC_PTHC_11blsrE@mailinator.com,Pa55word11
CMC_PTHC_24mkZOT@mailinator.com,Pa55word11
CMC_PTHC_28wOSUH@mailinator.com,Pa55word11
CMC_PTHC_4bdxGX@mailinator.com,Pa55word11
CMC_PTHC_10vFsuB@mailinator.com,Pa55word11
CMC_PTHC_27hrAKP@mailinator.com,Pa55word11
CMC_PTHC_26RjOMG@mailinator.com,Pa55word11
CMC_PTHC_20OlkUZ@mailinator.com,Pa55word11
CMC_PTHC_4xZaAO@mailinator.com,Pa55word11
CMC_PTHC_15PTZmf@mailinator.com,Pa55word11
CMC_PTHC_15LIRgn@mailinator.com,Pa55word11
CMC_PTHC_18llbme@mailinator.com,Pa55word11
CMC_PTHC_14VhbEz@mailinator.com,Pa55word11
CMC_PTHC_5nZSnF@mailinator.com,Pa55word11
CMC_PTHC_11emLXC@mailinator.com,Pa55word11
CMC_PTHC_23mfdrh@mailinator.com,Pa55word11
CMC_PTHC_12KDoSG@mailinator.com,Pa55word11
CMC_PTHC_4iRXFS@mailinator.com,Pa55word11
CMC_PTHC_22keiuO@mailinator.com,Pa55word11
CMC_PTHC_21jpVSH@mailinator.com,Pa55word11
CMC_PTHC_9cVqgU@mailinator.com,Pa55word11
CMC_PTHC_17plgiK@mailinator.com,Pa55word11
CMC_PTHC_7RqbZl@mailinator.com,Pa55word11
CMC_PTHC_1MjLjX@mailinator.com,Pa55word11
CMC_PTHC_14EFibF@mailinator.com,Pa55word11
CMC_PTHC_7XXToq@mailinator.com,Pa55word11
CMC_PTHC_6HkMSU@mailinator.com,Pa55word11
CMC_PTHC_9CgyCK@mailinator.com,Pa55word11
CMC_PTHC_3AAfBq@mailinator.com,Pa55word11
CMC_PTHC_9zBBjB@mailinator.com,Pa55word11
CMC_PTHC_24WzMTq@mailinator.com,Pa55word11
CMC_PTHC_13qNeHh@mailinator.com,Pa55word11
CMC_PTHC_7oIHTI@mailinator.com,Pa55word11
CMC_PTHC_15ABCju@mailinator.com,Pa55word11
CMC_PTHC_25TvQyt@mailinator.com,Pa55word11
CMC_PTHC_11LzciB@mailinator.com,Pa55word11
CMC_PTHC_1yuqrK@mailinator.com,Pa55word11
CMC_PTHC_4aVkem@mailinator.com,Pa55word11
CMC_PTHC_4TgRvD@mailinator.com,Pa55word11
CMC_PTHC_4gBFkP@mailinator.com,Pa55word11
CMC_PTHC_27iGELm@mailinator.com,Pa55word11
CMC_PTHC_10bwHOD@mailinator.com,Pa55word11
CMC_PTHC_7DvxGV@mailinator.com,Pa55word11
CMC_PTHC_11fXsBA@mailinator.com,Pa55word11
CMC_PTHC_24gEZfx@mailinator.com,Pa55word11
CMC_PTHC_27mVubC@mailinator.com,Pa55word11
CMC_PTHC_22PcgaH@mailinator.com,Pa55word11
CMC_PTHC_26pJTVm@mailinator.com,Pa55word11
CMC_PTHC_5ShhWm@mailinator.com,Pa55word11
CMC_PTHC_14WcCEZ@mailinator.com,Pa55word11
CMC_PTHC_15kOpap@mailinator.com,Pa55word11
CMC_PTHC_14zrCAo@mailinator.com,Pa55word11
CMC_PTHC_18tYHBN@mailinator.com,Pa55word11
CMC_PTHC_21CjjGT@mailinator.com,Pa55word11
CMC_PTHC_19yvbmt@mailinator.com,Pa55word11
CMC_PTHC_14lZvzE@mailinator.com,Pa55word11
CMC_PTHC_27xOCbM@mailinator.com,Pa55word11
CMC_PTHC_28Qaiwx@mailinator.com,Pa55word11
CMC_PTHC_8wpnfB@mailinator.com,Pa55word11
CMC_PTHC_10bRHMn@mailinator.com,Pa55word11
CMC_PTHC_19RYrBz@mailinator.com,Pa55word11
CMC_PTHC_21nPRdl@mailinator.com,Pa55word11
CMC_PTHC_19jnaDk@mailinator.com,Pa55word11
CMC_PTHC_15UqQoz@mailinator.com,Pa55word11
CMC_PTHC_13FGrZd@mailinator.com,Pa55word11
CMC_PTHC_1wKYQo@mailinator.com,Pa55word11
CMC_PTHC_15TBtHD@mailinator.com,Pa55word11
CMC_PTHC_15ijdNw@mailinator.com,Pa55word11
CMC_PTHC_21ambEZ@mailinator.com,Pa55word11
CMC_PTHC_17FSQXD@mailinator.com,Pa55word11
CMC_PTHC_6inZNR@mailinator.com,Pa55word11
CMC_PTHC_8PVHwJ@mailinator.com,Pa55word11
CMC_PTHC_3KJilv@mailinator.com,Pa55word11
CMC_PTHC_28SLwaJ@mailinator.com,Pa55word11
CMC_PTHC_4repxs@mailinator.com,Pa55word11
CMC_PTHC_24DwiLK@mailinator.com,Pa55word11
CMC_PTHC_12zhvqx@mailinator.com,Pa55word11
CMC_PTHC_15fpALY@mailinator.com,Pa55word11
CMC_PTHC_7Rrwzy@mailinator.com,Pa55word11
CMC_PTHC_15cmSnd@mailinator.com,Pa55word11
CMC_PTHC_28aiCaA@mailinator.com,Pa55word11
CMC_PTHC_3jbSyQ@mailinator.com,Pa55word11
CMC_PTHC_17OgcoY@mailinator.com,Pa55word11
CMC_PTHC_6SAkhH@mailinator.com,Pa55word11
CMC_PTHC_27jqnsa@mailinator.com,Pa55word11
CMC_PTHC_28erjKM@mailinator.com,Pa55word11
CMC_PTHC_22WmHsm@mailinator.com,Pa55word11
CMC_PTHC_17PcLnR@mailinator.com,Pa55word11
CMC_PTHC_13twlMq@mailinator.com,Pa55word11
CMC_PTHC_11YqKJm@mailinator.com,Pa55word11
CMC_PTHC_4DjmxO@mailinator.com,Pa55word11
CMC_PTHC_24gThqq@mailinator.com,Pa55word11
CMC_PTHC_13Dpxsl@mailinator.com,Pa55word11
CMC_PTHC_28DVEHc@mailinator.com,Pa55word11
CMC_PTHC_3kSEpw@mailinator.com,Pa55word11
CMC_PTHC_22ODRwm@mailinator.com,Pa55word11
CMC_PTHC_14jqjbz@mailinator.com,Pa55word11
CMC_PTHC_10CAwFj@mailinator.com,Pa55word11
CMC_PTHC_11RAZLS@mailinator.com,Pa55word11
CMC_PTHC_14kKIVE@mailinator.com,Pa55word11
CMC_PTHC_15bCJMp@mailinator.com,Pa55word11
CMC_PTHC_18edVWc@mailinator.com,Pa55word11
CMC_PTHC_20hJbRS@mailinator.com,Pa55word11
CMC_PTHC_25cvXTd@mailinator.com,Pa55word11
CMC_PTHC_8zxcyE@mailinator.com,Pa55word11
CMC_PTHC_26zSubK@mailinator.com,Pa55word11
CMC_PTHC_9AagCs@mailinator.com,Pa55word11
CMC_PTHC_20PbuZi@mailinator.com,Pa55word11
CMC_PTHC_5detYj@mailinator.com,Pa55word11
CMC_PTHC_7EoIva@mailinator.com,Pa55word11
CMC_PTHC_3ckLhH@mailinator.com,Pa55word11
CMC_PTHC_26pikqP@mailinator.com,Pa55word11
CMC_PTHC_1mRbdt@mailinator.com,Pa55word11
CMC_PTHC_21mEzKE@mailinator.com,Pa55word11
CMC_PTHC_21rlzPH@mailinator.com,Pa55word11
CMC_PTHC_3kCaqo@mailinator.com,Pa55word11
CMC_PTHC_21XaMPp@mailinator.com,Pa55word11
CMC_PTHC_22VyUbN@mailinator.com,Pa55word11
CMC_PTHC_23fIOQv@mailinator.com,Pa55word11
CMC_PTHC_24BbdzD@mailinator.com,Pa55word11
CMC_PTHC_28SyPnW@mailinator.com,Pa55word11
CMC_PTHC_14nruEQ@mailinator.com,Pa55word11
CMC_PTHC_10BDdHj@mailinator.com,Pa55word11
CMC_PTHC_23LmkMG@mailinator.com,Pa55word11
CMC_PTHC_20zkryp@mailinator.com,Pa55word11
CMC_PTHC_28rQznr@mailinator.com,Pa55word11
CMC_PTHC_15VuZkk@mailinator.com,Pa55word11
CMC_PTHC_12mcwfG@mailinator.com,Pa55word11
CMC_PTHC_20ilbZn@mailinator.com,Pa55word11
CMC_PTHC_9bKqZu@mailinator.com,Pa55word11
CMC_PTHC_25rGMmF@mailinator.com,Pa55word11
CMC_PTHC_27rnpYy@mailinator.com,Pa55word11
CMC_PTHC_12mATYY@mailinator.com,Pa55word11
CMC_PTHC_12ZKSkT@mailinator.com,Pa55word11
CMC_PTHC_26GNOoX@mailinator.com,Pa55word11
CMC_PTHC_17wRYEu@mailinator.com,Pa55word11
CMC_PTHC_17cAYKl@mailinator.com,Pa55word11
CMC_PTHC_7HbAou@mailinator.com,Pa55word11
CMC_PTHC_15Amhns@mailinator.com,Pa55word11
CMC_PTHC_3MouuC@mailinator.com,Pa55word11
CMC_PTHC_9TsPVG@mailinator.com,Pa55word11
CMC_PTHC_21oOTrE@mailinator.com,Pa55word11
CMC_PTHC_11uyPoY@mailinator.com,Pa55word11
CMC_PTHC_5Dxjwf@mailinator.com,Pa55word11
CMC_PTHC_10lrJHs@mailinator.com,Pa55word11
CMC_PTHC_28pxbks@mailinator.com,Pa55word11
CMC_PTHC_8JDTgf@mailinator.com,Pa55word11
CMC_PTHC_18rMkHw@mailinator.com,Pa55word11
CMC_PTHC_4jVWur@mailinator.com,Pa55word11
CMC_PTHC_6pTuay@mailinator.com,Pa55word11
CMC_PTHC_21PfYav@mailinator.com,Pa55word11
CMC_PTHC_27ihItf@mailinator.com,Pa55word11
CMC_PTHC_23Wjgsf@mailinator.com,Pa55word11
CMC_PTHC_21SvNUY@mailinator.com,Pa55word11
CMC_PTHC_18lICDH@mailinator.com,Pa55word11
CMC_PTHC_20asfWu@mailinator.com,Pa55word11
CMC_PTHC_18ZXtYv@mailinator.com,Pa55word11
CMC_PTHC_28rLUxD@mailinator.com,Pa55word11
CMC_PTHC_9PjYWr@mailinator.com,Pa55word11
CMC_PTHC_6cSZSf@mailinator.com,Pa55word11
CMC_PTHC_7WxhFz@mailinator.com,Pa55word11
CMC_PTHC_6JOGgh@mailinator.com,Pa55word11
CMC_PTHC_23lrogA@mailinator.com,Pa55word11
CMC_PTHC_21YuknE@mailinator.com,Pa55word11
CMC_PTHC_23PBCOD@mailinator.com,Pa55word11
CMC_PTHC_15UryzU@mailinator.com,Pa55word11
CMC_PTHC_25kDTNc@mailinator.com,Pa55word11
CMC_PTHC_14YfaEX@mailinator.com,Pa55word11
CMC_PTHC_19IUamZ@mailinator.com,Pa55word11
CMC_PTHC_15pbwnV@mailinator.com,Pa55word11
CMC_PTHC_6vZKZl@mailinator.com,Pa55word11
CMC_PTHC_20KaGgs@mailinator.com,Pa55word11
CMC_PTHC_22xefvI@mailinator.com,Pa55word11
CMC_PTHC_19rqIVa@mailinator.com,Pa55word11
CMC_PTHC_27bFRBD@mailinator.com,Pa55word11
CMC_PTHC_10BPltn@mailinator.com,Pa55word11
CMC_PTHC_18IHPiG@mailinator.com,Pa55word11
CMC_PTHC_1ONLac@mailinator.com,Pa55word11
CMC_PTHC_1raWAK@mailinator.com,Pa55word11
CMC_PTHC_24gEJGM@mailinator.com,Pa55word11
CMC_PTHC_11OTiVR@mailinator.com,Pa55word11
CMC_PTHC_6dtTAp@mailinator.com,Pa55word11
CMC_PTHC_17OHJvy@mailinator.com,Pa55word11
CMC_PTHC_14EmMde@mailinator.com,Pa55word11
CMC_PTHC_15EwrNq@mailinator.com,Pa55word11
CMC_PTHC_1nVyKz@mailinator.com,Pa55word11
CMC_PTHC_7dHrlW@mailinator.com,Pa55word11
CMC_PTHC_9IDLeN@mailinator.com,Pa55word11
CMC_PTHC_6dpOza@mailinator.com,Pa55word11
CMC_PTHC_18gotsE@mailinator.com,Pa55word11
CMC_PTHC_18GwqrZ@mailinator.com,Pa55word11
CMC_PTHC_17WoKKe@mailinator.com,Pa55word11
CMC_PTHC_1TgnYM@mailinator.com,Pa55word11
CMC_PTHC_28OBYdt@mailinator.com,Pa55word11
CMC_PTHC_19DBrSD@mailinator.com,Pa55word11
CMC_PTHC_4yXTiX@mailinator.com,Pa55word11
CMC_PTHC_8AHxWw@mailinator.com,Pa55word11
CMC_PTHC_4BQzGr@mailinator.com,Pa55word11
CMC_PTHC_26bNxMW@mailinator.com,Pa55word11
CMC_PTHC_6lIACe@mailinator.com,Pa55word11
CMC_PTHC_16NBbUF@mailinator.com,Pa55word11
CMC_PTHC_2obUVa@mailinator.com,Pa55word11
CMC_PTHC_16tpyqo@mailinator.com,Pa55word11
CMC_PTHC_10wOTzv@mailinator.com,Pa55word11
CMC_PTHC_11jGRnd@mailinator.com,Pa55word11
CMC_PTHC_27ZwNXD@mailinator.com,Pa55word11
CMC_PTHC_25rSDRY@mailinator.com,Pa55word11
CMC_PTHC_26ZykwM@mailinator.com,Pa55word11
CMC_PTHC_10TlfLs@mailinator.com,Pa55word11
CMC_PTHC_25xWErs@mailinator.com,Pa55word11
CMC_PTHC_18RAVpE@mailinator.com,Pa55word11
CMC_PTHC_1DlFrv@mailinator.com,Pa55word11
CMC_PTHC_3eptch@mailinator.com,Pa55word11
CMC_PTHC_16NaPCO@mailinator.com,Pa55word11
CMC_PTHC_1ivpFc@mailinator.com,Pa55word11
CMC_PTHC_12RbFst@mailinator.com,Pa55word11
CMC_PTHC_11VJHhl@mailinator.com,Pa55word11
CMC_PTHC_19LoqMi@mailinator.com,Pa55word11
CMC_PTHC_7MoYop@mailinator.com,Pa55word11
CMC_PTHC_7ZEknW@mailinator.com,Pa55word11
CMC_PTHC_25pHklt@mailinator.com,Pa55word11
CMC_PTHC_27oxNpZ@mailinator.com,Pa55word11
CMC_PTHC_10UWeST@mailinator.com,Pa55word11
CMC_PTHC_12DvppS@mailinator.com,Pa55word11
CMC_PTHC_4FUUFB@mailinator.com,Pa55word11
CMC_PTHC_9kESla@mailinator.com,Pa55word11
CMC_PTHC_1fswBP@mailinator.com,Pa55word11
CMC_PTHC_12XlENv@mailinator.com,Pa55word11
CMC_PTHC_2jojuI@mailinator.com,Pa55word11
CMC_PTHC_24LAapO@mailinator.com,Pa55word11
CMC_PTHC_1lzMVI@mailinator.com,Pa55word11
CMC_PTHC_23rGsXo@mailinator.com,Pa55word11
CMC_PTHC_28vMwZc@mailinator.com,Pa55word11
CMC_PTHC_18jnUbk@mailinator.com,Pa55word11
CMC_PTHC_19XmOBB@mailinator.com,Pa55word11
CMC_PTHC_12BRATa@mailinator.com,Pa55word11
CMC_PTHC_17sqIJN@mailinator.com,Pa55word11
CMC_PTHC_27ATcMn@mailinator.com,Pa55word11
CMC_PTHC_7WXVYD@mailinator.com,Pa55word11
CMC_PTHC_25hITIJ@mailinator.com,Pa55word11
CMC_PTHC_22hCKFo@mailinator.com,Pa55word11
CMC_PTHC_23JgtPJ@mailinator.com,Pa55word11
CMC_PTHC_10LfkYW@mailinator.com,Pa55word11
CMC_PTHC_14WUqdD@mailinator.com,Pa55word11
CMC_PTHC_11vkzov@mailinator.com,Pa55word11
CMC_PTHC_22HMiiq@mailinator.com,Pa55word11
CMC_PTHC_10dwuia@mailinator.com,Pa55word11
CMC_PTHC_17EWDTt@mailinator.com,Pa55word11
CMC_PTHC_15RZwNC@mailinator.com,Pa55word11
CMC_PTHC_23qRcCU@mailinator.com,Pa55word11
CMC_PTHC_7wDpcP@mailinator.com,Pa55word11
CMC_PTHC_18ROLty@mailinator.com,Pa55word11
CMC_PTHC_28QGusv@mailinator.com,Pa55word11
CMC_PTHC_17QHQny@mailinator.com,Pa55word11
CMC_PTHC_10EzmxF@mailinator.com,Pa55word11
CMC_PTHC_10ECDpe@mailinator.com,Pa55word11
CMC_PTHC_8fchvS@mailinator.com,Pa55word11
CMC_PTHC_23hGvNF@mailinator.com,Pa55word11
CMC_PTHC_20eAKcY@mailinator.com,Pa55word11
CMC_PTHC_27fKvhN@mailinator.com,Pa55word11
CMC_PTHC_8NdTpi@mailinator.com,Pa55word11
CMC_PTHC_2NQEkK@mailinator.com,Pa55word11
CMC_PTHC_1TCYje@mailinator.com,Pa55word11
CMC_PTHC_28idaMP@mailinator.com,Pa55word11
CMC_PTHC_21QyTAv@mailinator.com,Pa55word11
CMC_PTHC_24RAAXt@mailinator.com,Pa55word11
CMC_PTHC_25BOGOH@mailinator.com,Pa55word11
CMC_PTHC_19LHEQB@mailinator.com,Pa55word11
CMC_PTHC_22xsPQN@mailinator.com,Pa55word11
CMC_PTHC_6ebkyu@mailinator.com,Pa55word11
CMC_PTHC_28KQLxI@mailinator.com,Pa55word11
CMC_PTHC_27xRIeE@mailinator.com,Pa55word11
CMC_PTHC_10HQbeW@mailinator.com,Pa55word11
CMC_PTHC_4egBra@mailinator.com,Pa55word11
CMC_PTHC_21siESI@mailinator.com,Pa55word11
CMC_PTHC_26hawZY@mailinator.com,Pa55word11
CMC_PTHC_26ULuJe@mailinator.com,Pa55word11
CMC_PTHC_16oWLgw@mailinator.com,Pa55word11
CMC_PTHC_11EvgVk@mailinator.com,Pa55word11
CMC_PTHC_11GQoOz@mailinator.com,Pa55word11
CMC_PTHC_19JjRUz@mailinator.com,Pa55word11
CMC_PTHC_25nkxcI@mailinator.com,Pa55word11
CMC_PTHC_10bmcfN@mailinator.com,Pa55word11
CMC_PTHC_27wVAYA@mailinator.com,Pa55word11
CMC_PTHC_28IxoGL@mailinator.com,Pa55word11
CMC_PTHC_24gDGiw@mailinator.com,Pa55word11
CMC_PTHC_1XpMtJ@mailinator.com,Pa55word11
CMC_PTHC_23ldgyP@mailinator.com,Pa55word11
CMC_PTHC_9oMZVk@mailinator.com,Pa55word11
CMC_PTHC_17oyatw@mailinator.com,Pa55word11
CMC_PTHC_10dEhIb@mailinator.com,Pa55word11
CMC_PTHC_26VFwsE@mailinator.com,Pa55word11
CMC_PTHC_26FSBKY@mailinator.com,Pa55word11
CMC_PTHC_4NFqqD@mailinator.com,Pa55word11
CMC_PTHC_22JqUnX@mailinator.com,Pa55word11
CMC_PTHC_10bUzYN@mailinator.com,Pa55word11
CMC_PTHC_2HgGqP@mailinator.com,Pa55word11
CMC_PTHC_10FfUth@mailinator.com,Pa55word11
CMC_PTHC_28kFsxv@mailinator.com,Pa55word11
CMC_PTHC_8XaCmP@mailinator.com,Pa55word11
CMC_PTHC_12AeFKQ@mailinator.com,Pa55word11
CMC_PTHC_10YhzBu@mailinator.com,Pa55word11
CMC_PTHC_12HnXii@mailinator.com,Pa55word11
CMC_PTHC_19wxykP@mailinator.com,Pa55word11
CMC_PTHC_18Lmqsq@mailinator.com,Pa55word11
CMC_PTHC_23WVeFZ@mailinator.com,Pa55word11
CMC_PTHC_6wBBSK@mailinator.com,Pa55word11
CMC_PTHC_9qmAya@mailinator.com,Pa55word11
CMC_PTHC_9CNVLk@mailinator.com,Pa55word11
CMC_PTHC_7bZCNS@mailinator.com,Pa55word11
CMC_PTHC_1hJztL@mailinator.com,Pa55word11
CMC_PTHC_11QDXjT@mailinator.com,Pa55word11
CMC_PTHC_3gntiX@mailinator.com,Pa55word11
CMC_PTHC_10ljIeJ@mailinator.com,Pa55word11
CMC_PTHC_5mUukP@mailinator.com,Pa55word11
CMC_PTHC_13lwWsy@mailinator.com,Pa55word11
CMC_PTHC_19LsWEd@mailinator.com,Pa55word11
CMC_PTHC_8tiKCU@mailinator.com,Pa55word11
CMC_PTHC_15nbDGn@mailinator.com,Pa55word11
CMC_PTHC_2OXlTZ@mailinator.com,Pa55word11
CMC_PTHC_9OqZqA@mailinator.com,Pa55word11
CMC_PTHC_28iloeR@mailinator.com,Pa55word11
CMC_PTHC_17FnhVt@mailinator.com,Pa55word11
CMC_PTHC_3fpgyY@mailinator.com,Pa55word11
CMC_PTHC_15SVitN@mailinator.com,Pa55word11
CMC_PTHC_6fXgNH@mailinator.com,Pa55word11
CMC_PTHC_20XhwIm@mailinator.com,Pa55word11
CMC_PTHC_28bEcVz@mailinator.com,Pa55word11
CMC_PTHC_15CmjZe@mailinator.com,Pa55word11
CMC_PTHC_12zGiGm@mailinator.com,Pa55word11
CMC_PTHC_21WMtwW@mailinator.com,Pa55word11
CMC_PTHC_20ccWbh@mailinator.com,Pa55word11
CMC_PTHC_20RKfDa@mailinator.com,Pa55word11
CMC_PTHC_5GfXVg@mailinator.com,Pa55word11
CMC_PTHC_22icAFw@mailinator.com,Pa55word11
CMC_PTHC_27yYspS@mailinator.com,Pa55word11
CMC_PTHC_5iTTfK@mailinator.com,Pa55word11
CMC_PTHC_7NAsDK@mailinator.com,Pa55word11
CMC_PTHC_15vOoJR@mailinator.com,Pa55word11
CMC_PTHC_2GKEAK@mailinator.com,Pa55word11
CMC_PTHC_2TTvMV@mailinator.com,Pa55word11
CMC_PTHC_25akUHv@mailinator.com,Pa55word11
CMC_PTHC_11FChjg@mailinator.com,Pa55word11
CMC_PTHC_7WgIjc@mailinator.com,Pa55word11
CMC_PTHC_18KSyeZ@mailinator.com,Pa55word11
CMC_PTHC_26mvzFx@mailinator.com,Pa55word11
CMC_PTHC_11SCasn@mailinator.com,Pa55word11
CMC_PTHC_18kXxay@mailinator.com,Pa55word11
CMC_PTHC_15YBloZ@mailinator.com,Pa55word11
CMC_PTHC_28FQXCR@mailinator.com,Pa55word11
CMC_PTHC_2eJQUL@mailinator.com,Pa55word11
CMC_PTHC_2vggBQ@mailinator.com,Pa55word11
CMC_PTHC_12DzQQi@mailinator.com,Pa55word11
CMC_PTHC_28jjecV@mailinator.com,Pa55word11
CMC_PTHC_15Gcusr@mailinator.com,Pa55word11
CMC_PTHC_5yjIhl@mailinator.com,Pa55word11
CMC_PTHC_27TdOfz@mailinator.com,Pa55word11
CMC_PTHC_21TbWgY@mailinator.com,Pa55word11
CMC_PTHC_8eVKDe@mailinator.com,Pa55word11
CMC_PTHC_4cKLam@mailinator.com,Pa55word11
CMC_PTHC_9mlUsf@mailinator.com,Pa55word11
CMC_PTHC_7QSJrE@mailinator.com,Pa55word11
CMC_PTHC_25ZFJJD@mailinator.com,Pa55word11
CMC_PTHC_5qUgwf@mailinator.com,Pa55word11
CMC_PTHC_25jUXMA@mailinator.com,Pa55word11
CMC_PTHC_5JZudF@mailinator.com,Pa55word11
CMC_PTHC_16ARRWz@mailinator.com,Pa55word11
CMC_PTHC_17dIMMP@mailinator.com,Pa55word11
CMC_PTHC_13LdyqF@mailinator.com,Pa55word11
CMC_PTHC_7FLywr@mailinator.com,Pa55word11
CMC_PTHC_10gUIEs@mailinator.com,Pa55word11
CMC_PTHC_12pInjH@mailinator.com,Pa55word11
CMC_PTHC_8JwaXi@mailinator.com,Pa55word11
CMC_PTHC_14qQudb@mailinator.com,Pa55word11
CMC_PTHC_16oSFVl@mailinator.com,Pa55word11
CMC_PTHC_21TsEWG@mailinator.com,Pa55word11
CMC_PTHC_4cWadn@mailinator.com,Pa55word11
CMC_PTHC_6IQlxW@mailinator.com,Pa55word11
CMC_PTHC_6PYdOh@mailinator.com,Pa55word11
CMC_PTHC_10TSJwJ@mailinator.com,Pa55word11
CMC_PTHC_11lwssP@mailinator.com,Pa55word11
CMC_PTHC_12mYqbT@mailinator.com,Pa55word11
CMC_PTHC_19zgYnp@mailinator.com,Pa55word11
CMC_PTHC_10SeMrk@mailinator.com,Pa55word11
CMC_PTHC_17iKhKY@mailinator.com,Pa55word11
CMC_PTHC_28jTuug@mailinator.com,Pa55word11
CMC_PTHC_22dysIB@mailinator.com,Pa55word11
CMC_PTHC_12TEwDv@mailinator.com,Pa55word11
CMC_PTHC_6vTyOA@mailinator.com,Pa55word11
CMC_PTHC_27cMTAr@mailinator.com,Pa55word11
CMC_PTHC_2OiKdK@mailinator.com,Pa55word11
CMC_PTHC_3dfKfz@mailinator.com,Pa55word11
CMC_PTHC_8qPsEN@mailinator.com,Pa55word11
CMC_PTHC_11eLbiW@mailinator.com,Pa55word11
CMC_PTHC_21LHdYr@mailinator.com,Pa55word11
CMC_PTHC_9FGPiR@mailinator.com,Pa55word11
CMC_PTHC_16rXvWA@mailinator.com,Pa55word11
CMC_PTHC_11JuBlM@mailinator.com,Pa55word11
CMC_PTHC_11XeUNf@mailinator.com,Pa55word11
CMC_PTHC_17jCFeo@mailinator.com,Pa55word11
CMC_PTHC_24eAgHc@mailinator.com,Pa55word11
CMC_PTHC_14lPdJL@mailinator.com,Pa55word11
CMC_PTHC_6oggxZ@mailinator.com,Pa55word11
CMC_PTHC_9gOCKc@mailinator.com,Pa55word11
CMC_PTHC_21SkXpi@mailinator.com,Pa55word11
CMC_PTHC_15LKbwi@mailinator.com,Pa55word11
CMC_PTHC_8cJDbz@mailinator.com,Pa55word11
CMC_PTHC_6OxcMS@mailinator.com,Pa55word11
CMC_PTHC_20StNpa@mailinator.com,Pa55word11
CMC_PTHC_17FOGFO@mailinator.com,Pa55word11
CMC_PTHC_24kxews@mailinator.com,Pa55word11
CMC_PTHC_7hXSKE@mailinator.com,Pa55word11
CMC_PTHC_20VeEpj@mailinator.com,Pa55word11
CMC_PTHC_11hwWpH@mailinator.com,Pa55word11
CMC_PTHC_15eFxZR@mailinator.com,Pa55word11
CMC_PTHC_20iUMeg@mailinator.com,Pa55word11
CMC_PTHC_28PCxRB@mailinator.com,Pa55word11
CMC_PTHC_19UMery@mailinator.com,Pa55word11
CMC_PTHC_26muMWa@mailinator.com,Pa55word11
CMC_PTHC_28YBBIt@mailinator.com,Pa55word11
CMC_PTHC_18gncRz@mailinator.com,Pa55word11
CMC_PTHC_25wpFtZ@mailinator.com,Pa55word11
CMC_PTHC_21mMCMI@mailinator.com,Pa55word11
CMC_PTHC_12WoJfi@mailinator.com,Pa55word11
CMC_PTHC_17hzpJy@mailinator.com,Pa55word11
CMC_PTHC_1DFTGe@mailinator.com,Pa55word11
CMC_PTHC_15dhOnJ@mailinator.com,Pa55word11
CMC_PTHC_26gUMzP@mailinator.com,Pa55word11
CMC_PTHC_15JPhwM@mailinator.com,Pa55word11
CMC_PTHC_24DHVeE@mailinator.com,Pa55word11
CMC_PTHC_25QuWsV@mailinator.com,Pa55word11
CMC_PTHC_26PAFpe@mailinator.com,Pa55word11
CMC_PTHC_10vhhOZ@mailinator.com,Pa55word11
CMC_PTHC_3bixha@mailinator.com,Pa55word11
CMC_PTHC_12fKxOA@mailinator.com,Pa55word11
CMC_PTHC_1aOZCD@mailinator.com,Pa55word11
CMC_PTHC_16iaxhr@mailinator.com,Pa55word11
CMC_PTHC_17gbccW@mailinator.com,Pa55word11
CMC_PTHC_3oRKLZ@mailinator.com,Pa55word11
CMC_PTHC_13NtEho@mailinator.com,Pa55word11
CMC_PTHC_22HRefo@mailinator.com,Pa55word11
CMC_PTHC_27bRpRd@mailinator.com,Pa55word11
CMC_PTHC_4GmQfS@mailinator.com,Pa55word11
CMC_PTHC_28OjDoo@mailinator.com,Pa55word11
CMC_PTHC_16RtuGE@mailinator.com,Pa55word11
CMC_PTHC_13SaUJW@mailinator.com,Pa55word11
CMC_PTHC_28Pmpsb@mailinator.com,Pa55word11
CMC_PTHC_16InTQq@mailinator.com,Pa55word11
CMC_PTHC_16xLatv@mailinator.com,Pa55word11
CMC_PTHC_9NdPMc@mailinator.com,Pa55word11
CMC_PTHC_10ESoWB@mailinator.com,Pa55word11
CMC_PTHC_14XxGep@mailinator.com,Pa55word11
CMC_PTHC_10vvrlH@mailinator.com,Pa55word11
CMC_PTHC_28kOueS@mailinator.com,Pa55word11
CMC_PTHC_8oFpEm@mailinator.com,Pa55word11
CMC_PTHC_24atGhS@mailinator.com,Pa55word11
CMC_PTHC_20brtij@mailinator.com,Pa55word11
CMC_PTHC_25FSpzC@mailinator.com,Pa55word11
CMC_PTHC_25kxIOU@mailinator.com,Pa55word11
CMC_PTHC_17lrBsT@mailinator.com,Pa55word11
CMC_PTHC_2lzvpx@mailinator.com,Pa55word11
CMC_PTHC_4CGPkn@mailinator.com,Pa55word11
CMC_PTHC_26ALnSp@mailinator.com,Pa55word11
CMC_PTHC_20FzLso@mailinator.com,Pa55word11
CMC_PTHC_10oXdQh@mailinator.com,Pa55word11
CMC_PTHC_13UYHys@mailinator.com,Pa55word11
CMC_PTHC_12RXwzy@mailinator.com,Pa55word11
CMC_PTHC_6YseFe@mailinator.com,Pa55word11
CMC_PTHC_3nBPxs@mailinator.com,Pa55word11
CMC_PTHC_17REaiI@mailinator.com,Pa55word11
CMC_PTHC_1mlkth@mailinator.com,Pa55word11
CMC_PTHC_20fOpdW@mailinator.com,Pa55word11
CMC_PTHC_21oHEqd@mailinator.com,Pa55word11
CMC_PTHC_1ROsaU@mailinator.com,Pa55word11
CMC_PTHC_2dPCvn@mailinator.com,Pa55word11
CMC_PTHC_24GyTIH@mailinator.com,Pa55word11
CMC_PTHC_27ENJks@mailinator.com,Pa55word11
CMC_PTHC_19soLoO@mailinator.com,Pa55word11
CMC_PTHC_10rRmGK@mailinator.com,Pa55word11
CMC_PTHC_7MgOBH@mailinator.com,Pa55word11
CMC_PTHC_17vzmoM@mailinator.com,Pa55word11
CMC_PTHC_18lVFnM@mailinator.com,Pa55word11
CMC_PTHC_24MiSnf@mailinator.com,Pa55word11
CMC_PTHC_20pnDCD@mailinator.com,Pa55word11
CMC_PTHC_22MhKVN@mailinator.com,Pa55word11
CMC_PTHC_16JZwIP@mailinator.com,Pa55word11
CMC_PTHC_17hcgwR@mailinator.com,Pa55word11
CMC_PTHC_7ENnlA@mailinator.com,Pa55word11
CMC_PTHC_5KbmvW@mailinator.com,Pa55word11
CMC_PTHC_13vigjs@mailinator.com,Pa55word11
CMC_PTHC_9aKcFw@mailinator.com,Pa55word11
CMC_PTHC_20yclyE@mailinator.com,Pa55word11
CMC_PTHC_4VmJpC@mailinator.com,Pa55word11
CMC_PTHC_9byrsq@mailinator.com,Pa55word11
CMC_PTHC_7xFNPR@mailinator.com,Pa55word11
CMC_PTHC_18SWCEZ@mailinator.com,Pa55word11
CMC_PTHC_4ufBhB@mailinator.com,Pa55word11
CMC_PTHC_25Ftkrh@mailinator.com,Pa55word11
CMC_PTHC_24pwQVU@mailinator.com,Pa55word11
CMC_PTHC_7CiFKQ@mailinator.com,Pa55word11
CMC_PTHC_22sNpiZ@mailinator.com,Pa55word11
CMC_PTHC_21lTOVm@mailinator.com,Pa55word11
CMC_PTHC_5wSJVv@mailinator.com,Pa55word11
CMC_PTHC_5UcBzM@mailinator.com,Pa55word11
CMC_PTHC_2CCgoc@mailinator.com,Pa55word11
CMC_PTHC_13kAGSq@mailinator.com,Pa55word11
CMC_PTHC_14nAxKc@mailinator.com,Pa55word11
CMC_PTHC_6EMysN@mailinator.com,Pa55word11
CMC_PTHC_21HnKID@mailinator.com,Pa55word11
CMC_PTHC_17IqiMH@mailinator.com,Pa55word11
CMC_PTHC_3uQkTw@mailinator.com,Pa55word11
CMC_PTHC_7TCtcv@mailinator.com,Pa55word11
CMC_PTHC_14bYJwo@mailinator.com,Pa55word11
CMC_PTHC_7QwRyB@mailinator.com,Pa55word11
CMC_PTHC_24eoDzr@mailinator.com,Pa55word11
CMC_PTHC_15uKBTy@mailinator.com,Pa55word11
CMC_PTHC_19ppwbs@mailinator.com,Pa55word11
CMC_PTHC_18FynoR@mailinator.com,Pa55word11
CMC_PTHC_2pXyuT@mailinator.com,Pa55word11
CMC_PTHC_1cWhxw@mailinator.com,Pa55word11
CMC_PTHC_18TxWoG@mailinator.com,Pa55word11
CMC_PTHC_20yTMIK@mailinator.com,Pa55word11
CMC_PTHC_13ZecGb@mailinator.com,Pa55word11
CMC_PTHC_17MfogN@mailinator.com,Pa55word11
CMC_PTHC_23uMpEB@mailinator.com,Pa55word11
CMC_PTHC_10sNjCE@mailinator.com,Pa55word11
CMC_PTHC_5EKHeu@mailinator.com,Pa55word11
CMC_PTHC_20xImlH@mailinator.com,Pa55word11
CMC_PTHC_13iOJpR@mailinator.com,Pa55word11
CMC_PTHC_26nhBqn@mailinator.com,Pa55word11
CMC_PTHC_28IsclC@mailinator.com,Pa55word11
CMC_PTHC_1PzNbA@mailinator.com,Pa55word11
CMC_PTHC_23boYbk@mailinator.com,Pa55word11
CMC_PTHC_5ChppQ@mailinator.com,Pa55word11
CMC_PTHC_24auyco@mailinator.com,Pa55word11
CMC_PTHC_19fXzZI@mailinator.com,Pa55word11
CMC_PTHC_22HtyBB@mailinator.com,Pa55word11
CMC_PTHC_5NAOyM@mailinator.com,Pa55word11
CMC_PTHC_21TLzYo@mailinator.com,Pa55word11
CMC_PTHC_23GPMni@mailinator.com,Pa55word11
CMC_PTHC_7vXlvS@mailinator.com,Pa55word11
CMC_PTHC_11KcdJk@mailinator.com,Pa55word11
CMC_PTHC_23cwTNb@mailinator.com,Pa55word11
CMC_PTHC_5Mqywp@mailinator.com,Pa55word11
CMC_PTHC_18jedPe@mailinator.com,Pa55word11
CMC_PTHC_23VumYa@mailinator.com,Pa55word11
CMC_PTHC_8pmcHk@mailinator.com,Pa55word11
CMC_PTHC_19NeDEw@mailinator.com,Pa55word11
CMC_PTHC_16ztgrK@mailinator.com,Pa55word11
CMC_PTHC_9Nernz@mailinator.com,Pa55word11
CMC_PTHC_20kWMZn@mailinator.com,Pa55word11
CMC_PTHC_18kgReY@mailinator.com,Pa55word11
CMC_PTHC_8UbUid@mailinator.com,Pa55word11
CMC_PTHC_5SusmL@mailinator.com,Pa55word11
CMC_PTHC_7DpaLd@mailinator.com,Pa55word11
CMC_PTHC_5Efufa@mailinator.com,Pa55word11
CMC_PTHC_24Tctld@mailinator.com,Pa55word11
CMC_PTHC_11FgwEz@mailinator.com,Pa55word11
CMC_PTHC_17YwYBx@mailinator.com,Pa55word11
CMC_PTHC_13tMHNr@mailinator.com,Pa55word11
CMC_PTHC_21JJWFF@mailinator.com,Pa55word11
CMC_PTHC_23GZfeW@mailinator.com,Pa55word11
CMC_PTHC_11dkyxF@mailinator.com,Pa55word11
CMC_PTHC_24jgFvV@mailinator.com,Pa55word11
CMC_PTHC_17QJLZM@mailinator.com,Pa55word11
CMC_PTHC_4ZNusa@mailinator.com,Pa55word11
CMC_PTHC_23UQEgy@mailinator.com,Pa55word11
CMC_PTHC_9htjpA@mailinator.com,Pa55word11
CMC_PTHC_9PLdkO@mailinator.com,Pa55word11
CMC_PTHC_1FNgrP@mailinator.com,Pa55word11
CMC_PTHC_25RVOwl@mailinator.com,Pa55word11
CMC_PTHC_7aIxSF@mailinator.com,Pa55word11
CMC_PTHC_20OxGbo@mailinator.com,Pa55word11
CMC_PTHC_4FDNGA@mailinator.com,Pa55word11
CMC_PTHC_2JdnIN@mailinator.com,Pa55word11
CMC_PTHC_3LjJuf@mailinator.com,Pa55word11
CMC_PTHC_4TBdVQ@mailinator.com,Pa55word11
CMC_PTHC_18opXLX@mailinator.com,Pa55word11
CMC_PTHC_24RBQtD@mailinator.com,Pa55word11
CMC_PTHC_18QrVmr@mailinator.com,Pa55word11
CMC_PTHC_16roPuf@mailinator.com,Pa55word11
CMC_PTHC_16DqpID@mailinator.com,Pa55word11
CMC_PTHC_8emswo@mailinator.com,Pa55word11
CMC_PTHC_28BZqeR@mailinator.com,Pa55word11
CMC_PTHC_19meXGE@mailinator.com,Pa55word11
CMC_PTHC_21CeeBS@mailinator.com,Pa55word11
CMC_PTHC_26BDuBi@mailinator.com,Pa55word11
CMC_PTHC_21EsAWR@mailinator.com,Pa55word11
CMC_PTHC_22hiMUe@mailinator.com,Pa55word11
CMC_PTHC_2emFsm@mailinator.com,Pa55word11